NOTE  |Author:karthik - ver. 1.1 - 4.03.2016,,,,
NOTE  |Attack: Th8 Gowipe,,,,
NOTE  |Make these Troops and spells : 2 Golem , 6 wall breaker,13 Wizards and 3 pekka, 2 rage, 1 heal  
      ,,,,
      |EXTR. GOLD |EXTR.ELIXIR|EXTR. DARK |DEPO. GOLD |DEPO.ELIXIR|DEPO. DARK |TOWNHALL   |FORCED SIDE|                   ,,,,
SIDE  |0          |0          |2          |5          |5          |5          |5          |           |,,,,
      |VECTOR_____|SIDE_______|DROP_POINTS|ADDTILES___|VERSUS_____|RANDOMX_PX_|RANDOMY_PX_|___________|,,,,
MAKE  |A          |RIGHT-BACK |10         |1          |INT-EXT    |0          |0          |           |vector for Golem and wall breaker right back ,,,,
      |VECTOR_____|SIDE_______|DROP_POINTS|ADDTILES___|VERSUS_____|RANDOMX_PX_|RANDOMY_PX_|___________|,,,,
MAKE  |B          |RIGHT-FRONT|10         |1          |INT-EXT    |0          |0          |           |vector for Golem and wall breaker left back ,,,,
 ,,,,
      |VECTOR_____|SIDE_______|DROP_POINTS|ADDTILES___|VERSUS_____|RANDOMX_PX_|RANDOMY_PX_|___________|,,,,
MAKE  |C          |RIGHT-BACK |10         |2          |EXT-INT    |0          |0          |           |vector for Wizard Right  Back ,,,,
      |VECTOR_____|SIDE_______|DROP_POINTS|ADDTILES___|VERSUS_____|RANDOMX_PX_|RANDOMY_PX_|___________|,,,,
MAKE  |D          |RIGHT-FRONT|10         |2          |EXT-INT    |0          |0          |           |vector for Wizard right  front,,,,
     ,,,,
      |VECTOR_____|SIDE_______|DROP_POINTS|ADDTILES___|VERSUS_____|RANDOMX_PX_|RANDOMY_PX_|___________|,,,,
MAKE  |E          |RIGHT-FRONT|10         |1          |INT-EXT    |0          |0          |           |vector for heroes right back ,,,,
      ,,,,
      |VECTOR_____|SIDE_______|DROP_POINTS|ADDTILES___|VERSUS_____|RANDOMX_PX_|RANDOMY_PX_|___________|,,,,
MAKE  |F          |RIGHT-FRONT|10         |1          |INT-EXT    |0          |0          |           |vector for pekka,,,,
  ,,,,
      |VECTOR_____|SIDE_______|DROP_POINTS|ADDTILES___|VERSUS_____|RANDOMX_PX_|RANDOMY_PX_|___________|,,,,
MAKE  |G          |RIGHT-BACK |10         |-10        |INT-EXT    |0          |0          |           |vector for 1st rage,,,,
      |VECTOR_____|SIDE_______|DROP_POINTS|ADDTILES___|VERSUS_____|RANDOMX_PX_|RANDOMY_PX_|___________|,,,,
MAKE  |H          |RIGHT-FRONT|10         |-10        |INT-EXT    |0          |0          |           |vector for 2st rage,,,,
      |VECTOR_____|SIDE_______|DROP_POINTS|ADDTILES___|VERSUS_____|RANDOMX_PX_|RANDOMY_PX_|___________|,,,,
MAKE  |I          |RIGHT-BACK |10         |-12        |INT-EXT    |0          |0          |           |vector for 3rd Rage,,,,
      |VECTOR_____|SIDE_______|DROP_POINTS|ADDTILES___|VERSUS_____|RANDOMX_PX_|RANDOMY_PX_|___________|,,,,
MAKE  |J          |RIGHT-BACK |10         |-9         |INT-EXT    |0          |0          |           |vector for 1st Heal Spell,,,,
      |VECTOR_____|SIDE_______|DROP_POINTS|ADDTILES___|VERSUS_____|RANDOMX_PX_|RANDOMY_PX_|___________|,,,,
MAKE  |K          |RIGHT-BACK |10         |-10        |INT-EXT    |0          |0          |           |vector for 2st Heal Spell,,,,
     ,,,,
      |VECTOR_____|INDEX______|QTY_X_VECT_|TROOPNAME__|DELAY_DROP_|DELAYCHANGE|SLEEPAFTER_|___________|,,,,
DROP  |A-B        |5          |1          |Pekk       |0          |0          |400        |           | Droping 2 golem ,,,,
      |VECTOR_____|INDEX______|QTY_X_VECT_|TROOPNAME__|DELAY_DROP_|DELAYCHANGE|SLEEPAFTER_|___________|,,,,
DROP  |C-D        |1-10       |5          |Wiza       |50-200     |0          |800        |           | Droping Wizards,,,,
      |VECTOR_____|INDEX______|QTY_X_VECT_|TROOPNAME__|DELAY_DROP_|DELAYCHANGE|SLEEPAFTER_|___________|,,,,
DROP  |A-B        |5          |2          |Wall       |0          |0          |100        |           | Droping 6 of wall breakers,,,,
      |VECTOR_____|INDEX______|QTY_X_VECT_|TROOPNAME__|DELAY_DROP_|DELAYCHANGE|SLEEPAFTER_|___________|   ,,,,
DROP  |F          |2          |3          |Pekk       |2          |0          |5000       |           | Droping of Pekka    ,,,,
      |VECTOR_____|INDEX______|QTY_X_VECT_|TROOPNAME__|DELAY_DROP_|DELAYCHANGE|SLEEPAFTER_|___________|,,,,
DROP  |A          |1          |2          |wall       |0          |0          |4000-5000  |           |dropping 2 wall breakers ,,,,
      |VECTOR_____|INDEX______|QTY_X_VECT_|TROOPNAME__|DELAY_DROP_|DELAYCHANGE|SLEEPAFTER_|___________|,,,,
DROP  |E          |1          |1          |King       |1          |100        |100-200    |           | Drop of King,,,,
      |VECTOR_____|INDEX______|QTY_X_VECT_|TROOPNAME__|DELAY_DROP_|DELAYCHANGE|SLEEPAFTER_|___________| ,,,,
DROP  |E          |2          |1          |Queen      |1          |100        |100-200    |           | Droping Queen ,,,,
      |VECTOR_____|INDEX______|QTY_X_VECT_|TROOPNAME__|DELAY_DROP_|DELAYCHANGE|SLEEPAFTER_|___________|,,,,
DROP  |G          |4          |1          |RSpell     |1          |0          |400-1000   |           | Droping Rage Spell,,,,
      |VECTOR_____|INDEX______|QTY_X_VECT_|TROOPNAME__|DELAY_DROP_|DELAYCHANGE|SLEEPAFTER_|___________|,,,,
DROP  |H          |4          |1          |RSpell     |1          |0          |2000-3500  |           | Droping Rage Spel,,,,
      |VECTOR_____|INDEX______|QTY_X_VECT_|TROOPNAME__|DELAY_DROP_|DELAYCHANGE|SLEEPAFTER_|___________|,,,,
DROP  |A-B        |1-2        |2          |Wiza       |1          |0          |300-400    |           | Drop of Wizards,,,,
   ,,,,
      |VECTOR_____|INDEX______|QTY_X_VECT_|TROOPNAME__|DELAY_DROP_|DELAYCHANGE|SLEEPAFTER_|___________|,,,,
DROP  |E          |1          |1          |King       |1          |100        |100-200    |           | Drop of King,,,,
      |VECTOR_____|INDEX______|QTY_X_VECT_|TROOPNAME__|DELAY_DROP_|DELAYCHANGE|SLEEPAFTER_|___________| ,,,,
DROP  |E          |2          |1          |Queen      |1          |100        |100-200    |           | Droping Queen ,,,,
      |VECTOR_____|INDEX______|QTY_X_VECT_|TROOPNAME__|DELAY_DROP_|DELAYCHANGE|SLEEPAFTER_|___________|,,,,
DROP  |A          |1          |1          |Castle     |1          |0          |8000-10000 |           | Droping Castle Troops,,,,
      |VECTOR_____|INDEX______|QTY_X_VECT_|TROOPNAME__|DELAY_DROP_|DELAYCHANGE|SLEEPAFTER_|___________|,,,,
DROP  |I          |2          |1          |Hspell     |1          |0          |3000-4000  |           | Droping Heal Spell,,,,
      |VECTOR_____|INDEX______|QTY_X_VECT_|TROOPNAME__|DELAY_DROP_|DELAYCHANGE|SLEEPAFTER_|___________|,,,,
DROP  |A          |1          |10         |arch       |0          |0          |300        |           |,,,,
 ,,,,
WAIT  |200-400    |           |           |           |           |           |           |           |,,,,
,,,,
WAIT |5500-6000   |               |           |           |           |           |           |,,,,
      |VECTOR_____|INDEX______|QTY_X_VECT_|TROOPNAME__|DELAY_DROP_|DELAYCHANGE|SLEEPAFTER_|SLEEPBEFORE|,,,,
WAIT  |2000-3000  |           |           |           |           |           |           |           |         ,,,,
DROP  |A          |1-10       |20         |Drag       |50         |0          |50         |           |,,,,
DROP  |A          |1-10       |20         |Barb       |50         |0          |50         |           |,,,,
DROP  |A          |1-10       |20         |Arch       |50         |0          |50         |           |,,,,
DROP  |A          |1-10       |20         |Giant      |50         |0          |50         |           |,,,,
DROP  |A          |1-10       |20         |Gobl       |50         |0          |50         |           |,,,,
DROP  |A          |1-10       |20         |Wiza       |50         |0          |50         |           |,,,,
DROP  |A          |1-10       |20         |Heal       |50         |0          |50         |           |,,,,
DROP  |A          |1-10       |20         |Pekk       |50         |0          |50         |           |,,,,
DROP  |A          |1-10       |20         |Hogs       |50         |0          |50         |           |,,,,
DROP  |A          |1-10       |20         |Valk       |50         |0          |50         |           |,,,,
DROP  |A          |1-10       |20         |Gole       |50         |0          |50         |           |,,,,
DROP  |A          |1-10       |20         |Witc       |50         |0          |50         |           |,,,,
DROP  |A          |1          |20         |Remain     |0          |0          |100-500    |           |,,,,
DROP  |A          |1          |10         |Remain     |0          |0          |100-500    |           |,,,,
DROP  |A          |1          |10         |Remain     |0          |0          |100-500    |           |,,,,
DROP  |A          |1          |10         |Remain     |0          |0          |100-500    |           |,,,,
